lon,lat
-77.6477876499999,43.0987437270001
-77.633969473,43.0593839360001
-78.397290158,42.8415305350001
-74.185051111,42.9559017220001
-74.677420645,41.7613659680001
-74.673769533,41.670813292
-73.4244871499999,43.8511915130001
-73.463839546,44.7238204160001
-73.479099048,44.0554356540001
-73.751654475,42.8232340330001
-73.64964538,42.740557241
-73.6814519869999,43.3079741010001
-73.7481824179999,44.6390622960001
-73.965371048,41.5732552000001
-73.3732671769999,44.99051525
-73.445998735,43.8456112420001
-73.589154258,41.9774710790001
-73.610353365,42.9077878580001
-73.799211274,42.96423529
-73.971739597,43.681874624
-74.937577086,42.6862177180001
-75.059320917,44.2110499520001
-75.058850311,44.2107841850001
-75.357788147,43.509641275
-73.647975072,40.6181008560001
-73.6466927869999,40.8281184790001
-71.958214954,41.0421298200001
-73.341141109,40.9233095980001
-73.6219950719999,44.6950489980001
-74.2169641739999,44.7538240810001
-74.958050436,44.584715083
-74.9575551459999,44.5834294540001
-75.4896572229999,44.6387885760001
-74.53684348,43.0097135830001
-74.763415919,43.0602255220001
-75.7969353029999,44.011435899
-75.9714893839999,43.523233996
-75.1360577409999,43.871953972
-75.135936525,43.871604436
-73.8980936139999,40.7817856790001
-76.0821333059999,43.06076604
-75.6224524639999,43.984253016
-76.951052331,42.679429441
-77.555069476,42.3048485210001
-73.819677928,43.248532799
-73.808957928,43.2493728860001
-78.077057392,42.6537925580001
-76.49311348,43.471666693
-73.596173091,44.7038753150001
-73.595362603,44.7031505960001
-75.434663475,43.8864383170001
-78.7385407629999,43.161746291
-72.852219857,40.86007729
-73.0641544919999,40.816173249
-73.9995507849999,40.6627565410001
-78.306387526,42.5319099290001
-78.2280139119999,42.669848545
-74.111312675,44.924460938
-78.854344461,43.0485579310001
-79.046511467,42.5172897510001
-78.457269751,42.0894508800001
-78.389264827,42.0762914220001
-78.3899968809999,42.0732216650001
-78.4552803719999,42.081938328
-78.643366901,42.258823987
-78.494775477,42.4056484920001
-74.225757916,41.486443568
-74.982356093,43.0329311040001
-75.494483122,44.6922458450001
-77.6656309699999,42.327270549
-77.544241991,42.189664082
-77.4575041969999,42.576348991
-77.4590396089999,42.4362945820001
-77.358486823,42.3630619800001
-77.163284028,42.237394341
-77.27167112,42.3161180980001
-77.209282715,42.231262149
-77.179329786,42.2109141020001
-77.122885605,42.165669612
-77.120984167,42.1638065880001
-77.0875046,42.1472889020001
-77.1441710129999,42.113604987
-77.039840308,42.109576948
-75.0040573919999,44.744224967
-76.531246381,43.4569911830001
-75.3205727609999,43.927132666
-75.157211011,43.275233273
-78.2352524889999,43.3273685770001
-73.96872174,41.205307514
-73.9807301389999,41.256810677
-74.757728696,41.462014636
-73.7232698509999,42.8056479540001
-76.632791889,42.6025244570001
-73.7486408779999,42.6242488250001
-73.750209564,42.6245723650001
-75.5047721619999,44.3360837490001
-79.381187246,42.4361772760001
-79.331822157,42.073729373
-79.358916457,42.0836190250001
-79.165692346,42.5491413990001
-78.249744353,42.687416134
-79.204554199,42.1119871510001
-79.1995652259999,42.1068555940001
-79.582304457,42.330895545
-79.340571648,42.469414199
-79.338917397,42.47080799
-79.3224218299999,42.4745719470001
-79.3076999479999,42.491777728
-79.3124701799999,42.4860938240001
-79.31648459,42.4848318320001
-79.299407271,42.284139511
-79.468832542,42.2615324340001
-73.974621882,40.727543886
-75.771534931,44.036177389
-73.594405659,43.295611874
-75.97602087,42.1116117920001
-75.44949523,42.895960632
-74.975724333,44.618265283
-75.247331048,43.919637842
-73.919876817,43.318131841
-78.972515916,42.1524738360001
-78.4760381099999,42.509333085
-78.490248981,42.5236495840001
-78.4621338759999,42.5237853580001
-78.4551935979999,42.5274366350001
-78.4328374419999,42.531587765
-78.4078477959999,42.520167115
-78.147323006,42.194859201
-77.744739895,42.4573287690001
-78.081363316,42.4970955100001
-78.06796531,42.502520829
-78.1519755859999,42.4253077010001
-78.161516051,42.4177543370001
-77.7747374529999,42.2663552750001
-77.801561987,42.1553402120001
-77.9576213079999,42.1139905150001
-78.470790097,43.0124676720001
-78.470623721,43.0136451060001
-78.498835829,43.0239490810001
-78.801324877,43.056167922
-78.754495434,43.019887302
-78.802271436,43.0248239570001
-78.8557172879999,43.000118462
-76.786788465,42.0596149520001
-76.927361763,42.134101156
-76.85027272,42.154982493
-76.841157702,42.1602365470001
-76.839268149,42.164116903
-76.810499394,42.1950455260001
-76.622244215,42.0292335280001
-76.898059879,42.1724291
-76.247748179,42.0837845930001
-76.264962133,42.0430324640001
-76.344567016,42.0414350200001
-76.226016123,42.1069389510001
-76.359499435,42.2361685930001
-76.5893000789999,42.3544102810001
-76.224874072,42.174881199
-76.2386,42.1472900000001
-75.863260928,42.201383907
-75.931619994,42.1327531800001
-76.060021713,42.11543841
-75.9768854329999,42.070579379
-75.895147374,42.0674078910001
-75.815845533,42.0845205780001
-75.890612445,42.1189824520001
-75.912948398,42.1410848300001
-75.886637252,42.1701310500001
-76.042062522,42.1082679890001
-76.093154157,42.098435087
-76.054393347,42.104831232
-76.089082703,42.0967737830001
-76.0857742009999,42.0780414160001
-76.003263684,42.092104438
-75.975179843,42.1105928530001
-75.93002426,42.1052253490001
-76.842292136,42.3278058980001
-74.892051309,44.950060299
-74.893715067,44.954467268
-73.762359574,42.5949742450001
-77.3111953549999,43.270479467
-77.635667209,43.266843468
-77.632922008,43.268530888
-77.660694199,43.151134385
-77.657377146,42.307413787
-77.2726164489999,42.3169681700001
-77.4388050859999,42.5100271810001
-77.46862256,42.400630522
-76.983313873,42.1236251060001
-77.037514358,42.14173952
-77.104705823,42.1586213680001
-77.1329344499999,42.0154025790001
-77.057064343,42.1485947580001
-77.044372245,42.143974169
-77.0867658079999,42.1478445290001
-77.087187871,42.154199985
-77.3076399999999,42.3432700000001
-77.303948218,42.3548179470001
-79.0226146859999,42.644035784
-78.642460222,42.518499445
-78.712609017,42.6253122850001
-78.783242678,42.7622740310001
-78.2391997239999,42.737566154
-77.996745011,42.7003247370001
-77.997023096,42.7013360870001
-77.900627329,42.74036268
-77.887806884,42.7612802510001
-78.6081190209999,42.812947669
-78.692721166,42.8385528790001
-78.729814652,42.844513105
-78.6206804399999,42.918824683
-78.6366525179999,42.9172929590001
-78.661380717,42.9070642410001
-78.694874544,42.910731351
-78.6996732979999,42.908989654
-78.696533549,42.9065854900001
-78.571085,42.9326224110001
-76.910244818,42.3599957170001
-76.4809053079999,42.4795439530001
-76.4727659659999,42.4041527570001
-76.473924654,42.4418327270001
-76.472737444,42.4428219690001
-77.054364694,42.6843344380001
-76.956400241,42.6787833870001
-76.0258746,42.7232503660001
-76.1519404159999,42.595024875
-76.16218121,42.591323667
-76.198954166,42.5834471530001
-76.2064707869999,42.589891262
-76.2168752169999,42.5857746340001
-78.821170486,42.745925207
-78.832664678,42.733492862
-78.682776711,42.7276860580001
-78.781019202,42.7990925280001
-78.780522451,42.829639908
-78.780332308,42.830811254
-78.721548169,42.843049799
-78.852115151,42.8182887250001
-78.848349115,42.812251868
-78.837016546,42.804025102
-78.838290509,42.805155083
-78.8636151649999,42.8556039360001
-78.8439459799999,42.831407412
-76.0966669169999,43.1504624470001
-75.967883484,43.1459699650001
-76.099244316,43.0969008860001
-76.1212083,43.0884013790001
-76.1230336799999,43.0888283780001
-76.1731080449999,43.109468345
-76.19394206,43.1271899120001
-76.2159595209999,43.1262095230001
-76.254189117,43.1098135
-76.2253116639999,43.063131856
-76.2236098769999,43.0668374190001
-76.2160267049999,43.064639981
-76.21556323,43.064009647
-76.2808389959999,43.0527962510001
-76.216898396,43.067910931
-76.314021463,43.169014476
-76.322204776,43.174608193
-76.1943461549999,43.1313896230001
-76.191127971,43.110127189
-76.3542445969999,43.154289389
-75.2948448669999,41.960628677
-75.407269755,42.087177394
-74.6285537219999,42.4030764400001
-74.7738582329999,42.3282860100001
-74.5529907809999,42.6352300780001
-74.539700919,42.641232609
-74.480043307,42.67102687
-73.897459477,44.7337010900001
-73.61343419,44.6982033190001
-73.538827117,44.888174522
-73.5474782919999,44.700184624
-73.498869352,44.7094863560001
-73.4302334819999,44.736495754
-73.456728606,44.714682988
-73.478779711,44.69932829
-73.4959449409999,44.509789104
-73.46214213,44.523540445
-73.4623912179999,44.6665429440001
-73.6775839599999,42.8768510420001
-73.747945478,42.9641127990001
-73.757058119,42.9733060230001
-73.680800474,42.912750181
-73.745491435,42.9223790670001
-73.679808404,42.803517922
-73.674896753,42.8149990920001
-73.709057071,42.784918438
-77.683889211,43.0545746560001
-77.4211521459999,43.070444099
-77.664678913,43.0817362230001
-77.629641356,43.123471384
-77.5377745759999,43.0886621880001
-77.583498214,43.0931125380001
-75.923177943,42.4647391300001
-75.4716986769999,42.7282249250001
-75.510246764,42.521408073
-75.478193276,42.2754810600001
-75.4795123979999,42.2759506140001
-75.4792842259999,42.276256614
-75.478706664,42.2763674070001
-75.521831274,42.2072934920001
-75.479708484,42.29023518
-76.770024427,42.936369551
-76.953331352,42.879276362
-76.983240969,42.8835128800001
-76.972608366,42.8889045490001
-77.223260653,42.9633087730001
-77.246975334,42.9663491470001
-77.343234249,42.9926153710001
-76.862566455,42.9017170170001
-77.028889846,42.8285727950001
-76.423969587,42.7078948440001
-76.546208271,42.78362838
-76.721690779,42.920747341
-76.535250047,42.9129110220001
-76.543701938,42.9570299740001
-76.573635323,42.95370397
-76.830426877,43.0528613990001
-76.9916735579999,43.060567022
-77.0729172429999,43.063150976
-77.2899307179999,43.072808583
-77.33390817,43.0823808220001
-77.408449025,43.167428209
-77.3260543759999,43.1634314130001
-77.330503741,43.2263650850001
-77.3228124249999,43.228588755
-77.303900843,43.2281895740001
-77.432704241,43.087278349
-77.3442983749999,43.063779896
-77.9151218929999,42.6756853270001
-77.836761263,42.7531589430001
-77.885577433,42.8295979550001
-77.870982866,42.8717116340001
-77.716199553,42.8387470530001
-77.714872111,42.9707509420001
-77.857686729,42.98824039
-77.857094907,42.989857278
-78.0082297019999,42.7156251060001
-77.992050843,42.9883500670001
-77.991432875,42.9880414630001
-78.008435295,42.972038012
-78.1387752919999,42.989999116
-78.159098097,42.982414169
-78.1583898119999,42.9821046660001
-78.193920158,42.996037136
-78.406200241,42.9627509650001
-78.277552524,43.063142353
-78.278322606,43.062829783
-78.296774872,43.0651123710001
-77.693669542,42.948497375
-77.9556764069999,43.29470445
-77.957983327,43.210396965
-77.685948872,43.1176101410001
-77.6774604079999,43.1128375160001
-77.76055951,43.100645199
-77.658684036,43.259906975
-77.695807233,43.2650691900001
-77.750668468,43.2784292050001
-77.751890142,43.2194543300001
-77.799485507,43.191847737
-77.804812504,43.1545048350001
-77.742483966,43.1459430950001
-77.726308078,43.1378748860001
-77.956090699,43.2125338160001
-77.64993663,43.1983844540001
-77.653392493,43.178656705
-78.388449791,43.2357526430001
-78.3686130409999,43.2186187
-78.369211994,43.2151085350001
-78.60413755,43.3597995710001
-78.466377226,43.205131312
-78.469267411,43.205713417
-76.1248254239999,42.444335618
-78.8635038199999,43.0361738820001
-78.97146746,43.0927840190001
-78.9700366279999,43.0930408950001
-78.925963993,43.088301481
-78.9267590319999,43.1018286510001
-78.929582667,43.1016750680001
-78.930623704,43.1040047980001
-78.9504470489999,43.022833453
-78.984110817,43.050406975
-79.014350809,43.0843504420001
-78.988856778,43.19972255
-79.021216996,43.152949747
-79.02175534,43.153951093
-79.019774462,43.117521799
-79.0184054269999,43.117990234
-79.031859288,43.128278417
-79.0380246999999,43.120308934
-79.041100276,43.1237647020001
-78.719640425,43.147166708
-78.7194597879999,43.1488175590001
-78.714620629,43.147669598
-78.755551891,43.086115604
-78.7494975939999,43.1688490110001
-78.717655641,43.158932614
-78.7145182679999,43.159109459
-78.8413435529999,43.1426982310001
-78.936438024,43.1415761690001
-79.0448471139999,43.080046479
-79.042494085,43.08035462
-79.001247145,43.1028976970001
-79.0139986629999,43.087251811
-79.0095183999999,43.084194542
-79.008484493,43.081388836
-79.006140377,43.0833895150001
-79.006309723,43.0829794030001
-79.02784826,43.0836889600001
-79.0243650639999,43.0812516940001
-79.0015052259999,42.6620719700001
-78.839896083,42.789679833
-78.8929372859999,42.746321714
-78.9174753409999,42.7286972540001
-78.941855339,42.7112559620001
-78.8290271079999,42.8056223740001
-78.772855468,42.851738212
-78.64857442,43.0005731700001
-78.8388289009999,42.8207162210001
-78.8105759119999,42.816039962
-78.821517593,42.8673793130001
-78.814918416,42.866536167
-78.816074728,42.9187263910001
-78.819012449,42.9181537380001
-78.768391421,42.903544948
-78.767920815,42.9047827910001
-78.76782812,42.9030539830001
-78.7678875399999,42.918290374
-78.7695429789999,42.9400647800001
-78.762677006,42.960399544
-78.76280975,42.962877443
-78.754594017,42.992047513
-78.926654175,42.9743047320001
-78.736051077,42.880747312
-78.725384605,42.9062589420001
-78.788903324,42.9830513110001
-78.798562628,42.9930135930001
-78.8214749539999,43.0086822270001
-78.918139299,42.9782669300001
-78.8900717,42.9766349560001
-78.917806349,42.966482764
-78.910319438,42.9659375140001
-78.9208949969999,42.9724262870001
-78.77362329,42.8540064740001
-78.813614093,42.8807056570001
-78.72257325,42.9321839040001
-78.760303718,42.9000549740001
-78.798548763,42.9961437860001
-78.8378669319999,43.001849103
-78.853194303,42.987937366
-78.882678474,43.0014788600001
-78.8706827779999,43.020328024
-78.892581102,42.9650087250001
-78.8935579659999,42.954058182
-78.9033990949999,42.922656868
-78.715612371,42.995524306
-78.7143146399999,42.9955103990001
-76.110852348,42.790596028
-76.121280546,42.974069523
-76.137493741,42.972183047
-76.1453979079999,42.971872241
-76.388049896,43.040383159
-76.230320875,43.017312255
-76.233921723,43.0621951100001
-76.0840155339999,42.99181272
-76.067306649,43.023571454
-76.0436812839999,43.047919263
-76.134634186,43.0110802250001
-76.114463496,43.0048527770001
-75.976412265,43.0320207840001
-76.044149799,43.0495579290001
-76.0713148089999,43.0555397310001
-76.118029571,43.0516823820001
-76.075305451,43.0564897020001
-76.082604596,43.0635736470001
-76.085656404,43.0661678930001
-76.057410545,43.085471087
-76.066283723,43.091282613
-76.070851928,43.090386988
-76.133651269,43.2229672660001
-76.217556967,43.1829424360001
-76.2231567009999,43.182928571
-76.518629462,43.439608675
-76.418894275,43.2980316960001
-76.403152747,43.3351752400001
-76.4577679829999,43.4879760910001
-76.4077038149999,43.520656166
-76.451271697,43.495786427
-76.5067728129999,43.4409563180001
-76.314757303,43.4747586840001
-76.138962642,43.2966912810001
-76.1040389739999,43.5466023120001
-76.1024824089999,43.5562898590001
-76.396475595,43.3289423740001
-76.380314562,43.302066037
-76.248683963,43.3059845670001
-75.89126637,42.8463598920001
-75.7647720309999,42.952863103
-75.743338073,42.980726254
-75.716098788,43.013698565
-75.869671361,43.818078927
-75.8544194529999,43.938727595
-75.948324336,43.98944562
-76.0730075559999,43.819203929
-75.816305132,44.003015713
-75.801092045,44.0612433800001
-75.822823102,44.074970363
-75.759853423,44.0303003160001
-75.678217805,44.03865584
-75.584319576,43.9894524740001
-75.8949060899999,43.977736818
-75.631130317,43.1021156560001
-75.600438432,43.080403382
-75.3454285879999,43.12337567
-75.3341,43.0890160000001
-75.270816168,43.1412656260001
-75.226280929,43.1117480360001
-75.215143257,43.144331752
-75.258831168,43.2107359570001
-75.0568399429999,43.06328533
-75.041389572,43.0199220550001
-75.171382716,43.089144371
-75.4728295369999,43.290324492
-75.3473774239999,43.487991838
-75.5881901499999,43.118126847
-75.390294919,43.881683713
-75.5420742219999,43.758533259
-75.306578771,43.618722808
-75.3063838739999,43.6189258470001
-75.359910537,43.6166235490001
-75.186754343,42.880836109
-74.89955402,43.062419462
-74.84513487,43.065638871
-74.860510372,44.660259522
-74.9873695489999,44.2155986070001
-74.999200058,44.2125620400001
-75.073886586,44.2216389430001
-74.9331195789999,44.5303102620001
-74.774098769,44.4565619160001
-74.76089566,44.455039275
-74.7533374449999,44.50629524
-74.822593974,44.5178965000001
-74.849007101,44.5272306620001
-74.882347624,44.513261556
-74.976742128,44.6419205670001
-74.970751411,44.6786983740001
-75.1957081419999,44.2675631060001
-75.472265143,44.6622070780001
-75.440249684,44.7139817360001
-75.158879669,44.7885780670001
-74.8924323749999,44.9612697750001
-74.922736065,44.9563301600001
-74.877809843,44.9380951430001
-74.8619684889999,44.95469446
-74.8865255589999,44.91796177
-75.316123347,44.5607636830001
-75.307614413,44.5702870580001
-75.477349825,44.344705596
-75.5051488459999,44.336178976
-75.4110942249999,44.337890009
-75.397792182,44.2522352720001
-75.408077772,44.263495833
-75.2423995519999,44.4937544090001
-75.154733168,44.5823061020001
-74.730518445,44.9871160500001
-74.778315623,44.973448601
-74.751739465,44.9801396220001
-75.420800637,42.941742209
-75.268877538,43.038296035
-75.294202313,43.0856970720001
-75.2856993199999,43.0876446680001
-75.4530836069999,43.2049282020001
-75.749794896,43.3309966030001
-75.7521431709999,43.3340117050001
-75.755014342,43.337704311
-75.158325328,43.2742457040001
-75.263651911,43.112023193
-75.438873566,43.209819269
-75.41265155,43.2176974050001
-75.476210199,43.7857336160001
-74.9966066269999,44.714724012
-74.994669538,44.7149182470001
-74.996978596,44.805832658
-74.999807765,44.7662879330001
-74.86502,44.9120614780001
-74.87720376,44.937172472
-74.871949849,44.9426016150001
-74.72464722,44.973763439
-74.29245129,44.829097984
-74.127944832,44.35249787
-73.482743009,44.788384738
-73.4390289529999,44.880487112
-73.4178718919999,44.9808371870001
-74.1878072439999,43.228397343
-74.267079375,43.1078443920001
-74.217409066,43.04447069
-74.322260289,42.986350261
-74.397501372,42.990054377
-74.8022581559999,42.8295749440001
-74.867822109,42.8297361800001
-74.985049315,42.8443136550001
-74.96929481,42.6634318980001
-74.9831182629999,42.501905089
-74.7529450549999,42.596901942
-74.81910083,42.545042031
-75.115253316,42.5431965660001
-75.066570826,42.4796170540001
-75.0914588859999,42.4438161410001
-75.0482724789999,42.4544335480001
-75.0673236979999,42.4451649010001
-74.934629961,42.6931572870001
-74.510292465,42.3588133870001
-73.808769621,43.652533213
-73.901210635,43.664222067
-73.8977712829999,43.664515834
-73.7876856669999,43.4879342300001
-73.666521296,43.5538171970001
-73.602939592,43.321299937
-73.709037445,43.2795185320001
-73.838534844,43.353542229
-73.785691511,43.4858261740001
-73.6283570859999,43.306952428
-73.62675037,43.3066613610001
-73.61759124,43.307733462
-73.4298155399999,43.4579322110001
-73.59197194,43.3060991610001
-73.595046327,43.2703882850001
-73.2640000609999,43.4130738690001
-73.3242518719999,43.1836836030001
-73.581825443,43.097058643
-73.564441497,43.3145556000001
-73.591903013,43.286453153
-73.956558021,43.0406082760001
-73.752857177,43.235031566
-73.746134549,43.0942361350001
-73.771452193,43.1146018790001
-73.781264801,43.099177221
-73.79316899,43.0734399850001
-73.838050655,42.8914951790001
-73.619424983,42.641326543
-73.698418831,42.6758361010001
-74.380610853,43.0413659650001
-74.469961793,43.0109555550001
-74.686501097,42.996752095
-74.5983502019999,42.8814149040001
-74.589661819,42.9008519230001
-74.58182433,42.905670179
-74.14479335,42.9173990670001
-74.376561741,42.9581494380001
-74.200355498,42.760691638
-74.0264394179999,42.8609064950001
-73.913044348,44.5105594890001
-73.514540379,44.5108297240001
-73.491697201,44.6689729510001
-73.479996914,44.6345787660001
-74.082791014,44.3013434060001
-73.998188915,44.278370072
-73.9758482089999,44.27414379
-73.76577617,43.8379152970001
-73.4322386869999,43.8304636180001
-73.5131603149999,44.0881104960001
-73.5989222919999,44.2287233060001
-73.776433396,44.2340631980001
-73.4194378509999,43.9511843390001
-73.401075904,43.8895165870001
-74.62123794,42.1529413860001
-74.7438390849999,42.196339079
-74.926703926,42.2637610200001
-74.384992161,42.68913797
-74.849784309,41.9282270960001
-74.736592904,41.7698986730001
-74.9153952029999,41.9382049540001
-74.546454469,41.6972950100001
-74.598429084,41.623806964
-74.684730593,41.643852227
-74.763697306,41.532725504
-74.9779608269999,41.6769743510001
-73.714174164,42.681172539
-73.874055375,42.747384186
-73.8732318149999,42.7489628880001
-73.8856428559999,42.7017244900001
-73.8044833069999,42.691466674
-73.8031642669999,42.690979643
-73.835621811,42.6921361440001
-73.7996715629999,42.603089036
-73.8134541749999,42.5004136570001
-73.8616377979999,42.5751739780001
-73.859755374,42.5738017670001
-73.8591088859999,42.575264991
-73.7653078279999,42.6272012050001
-73.8013303079999,42.6935426580001
-73.867901923,42.2350074220001
-73.76778045,42.763692018
-73.9121621479999,42.1404998560001
-74.24560274,42.3154225740001
-74.392951099,42.2319262450001
-73.620165044,42.370860027
-74.39344657,42.1210000880001
-74.4860537229999,42.148888098
-74.02134739,41.911239188
-73.7942230579999,42.2087709530001
-73.8180599579999,42.1079029320001
-73.7071701249999,42.437002384
-74.077792443,41.575398281
-74.0262729849999,41.538211394
-74.0133527149999,41.535663722
-73.530052202,41.940565215
-73.577210237,41.4855724490001
-73.7540819829999,41.4521828040001
-73.57723757,41.3855819710001
-73.5521257029999,41.4453842520001
-74.5428508589999,41.843470462
-74.12214714,41.649447035
-73.763840102,41.8137132050001
-73.832941918,41.741260056
-73.9545878879999,41.5635807040001
-73.794310465,41.36999265
-73.74641087,41.3519169520001
-73.719119295,41.350995416
-74.695414921,41.378557341
-74.539543404,41.340171254
-74.417886285,41.428318125
-74.593221432,41.4573676260001
-74.259805671,41.3092354840001
-74.154881189,41.5717339
-74.139226413,41.5296164270001
-74.256243548,41.156423332
-74.256820954,41.165162922
-74.229835083,41.213155865
-74.3901987839999,41.456556387
-74.406257615,41.4657731180001
-74.3649643269999,41.5401972110001
-74.403891513,41.422929019
-74.0951003879999,41.4618760500001
-74.0445637349999,41.47878332
-74.043917247,41.4784663550001
-74.338927701,41.3889124400001
-74.276533208,41.342155291
-74.193209826,41.3418787000001
-74.144380902,41.3164916590001
-74.024541756,41.0701634280001
-74.01661276,41.0933462770001
-74.070634747,41.1057773540001
-74.114313227,41.115222422
-73.566829507,41.3482766450001
-73.5683134349999,41.2207983100001
-73.7983886,41.2885241290001
-73.80126809,41.19420073
-73.9635293699999,41.0928008390001
-73.9456415929999,41.1343083150001
-73.9789547839999,41.2044224750001
-73.9767015799999,41.2259776660001
-74.190462408,41.157459132
-74.164884504,41.126811263
-73.9941193449999,41.2289289730001
-73.9933810159999,41.203204617
-74.028150292,41.1513424890001
-74.033975228,41.113286271
-73.8321436209999,41.0771355690001
-72.131814554,40.9803368090001
-72.373499185,40.936425795
-72.688290535,40.91153968
-72.870847574,40.868275307
-73.0828333389999,40.9484402960001
-73.0738065199999,40.8283278390001
-73.368577285,40.7717657250001
-72.39104109,41.0928295090001
-72.549091572,40.9876605900001
-72.938749026,40.8194537100001
-73.070571,40.8159460000001
-73.9093126,40.7876928590001
-73.903403882,40.7838344960001
-73.730887159,40.6190667330001
-73.658104635,40.5940433170001
-73.661485629,40.593804182
-73.532349717,40.7066326180001
-73.596851241,40.656968455
-73.638911046,40.658391082
-73.652910382,40.6581206230001
-73.647447171,40.8253882340001
-73.645643182,40.8332158970001
-73.6691687209999,40.7637354870001
-73.702743359,40.753775999
-74.264297927,43.777929199
-73.942503442,44.891234126
-73.745382075,42.5393843780001
-72.865146376,40.959631804
-73.5692578489999,40.644468084
-73.942342377,41.276706663
-79.0032895369999,43.082363388
-73.5903527469999,40.72656211
-73.129126551,40.917711856
-73.632024276,40.725178623
-73.565465633,40.758058626
-73.5404171609999,40.775886552
-73.483958101,40.706240952
-73.497509054,40.7471656810001
-73.7500453329999,40.6680901010001
-73.8420530179999,42.807273422
-74.1961860229999,40.617016338
-73.3735011369999,40.8649166270001
-75.9618659079999,44.0007920840001
-75.040581461,43.0206379900001
-76.421167998,43.323005994
-76.4165094749999,43.3157216660001
-76.404911893,43.313064506
-75.326964144,43.613903818
-74.8502302049999,43.040283097
-73.6394296839999,43.305533392
-73.3878766889999,40.7358346610001
-73.386115482,40.733435736
-74.5105168119999,41.8593093100001
-75.146968623,43.2918200350001
-75.441696435,44.725501948
-73.541069948,40.7324457130001
-73.539229357,40.875087294
-73.622747636,40.856898162
-73.6259242259999,40.8350716240001
-73.5780226369999,40.8128300320001
-73.482568886,40.8016800830001
-73.644149507,40.7839763280001
-73.656134365,40.8187018410001
-73.687364293,40.8275455420001
-73.588393143,40.7377087080001
-73.685581837,40.709803627
-73.641392422,40.7013550770001
-73.611032402,40.730336304
-73.6231133589999,40.7467920610001
-73.6576960629999,40.7369712650001
-73.551388457,40.7607802650001
-73.552686781,40.733659742
-73.494100396,40.731865084
-73.514868497,40.7968051670001
-73.507611631,40.7617430870001
-73.64088595,40.7017569070001
-73.5315846619999,40.7667734560001
-73.584596867,40.8788639910001
-73.686253742,40.8260210970001
-73.642619101,40.7762719560001
-73.85731297,40.9402759660001
-73.8563667509999,40.9572977080001
-73.911085042,40.799070468
-73.863337562,40.842682521
-73.906420038,40.782030311
-73.6990783379999,40.7548274690001
-73.720568513,40.788750259
-73.701455278,40.7532267340001
-73.796580755,40.7393147070001
-73.770801169,40.759700385
-73.909952042,40.7991168140001
-73.863370198,40.8420548920001
-73.8509095809999,40.7842066650001
-73.841842221,40.778872848
-73.8120983709999,40.7887693590001
-73.7993232649999,40.7765288840001
-73.7953269499999,40.7855125780001
-73.780337322,40.915054786
-73.780577436,40.777060669
-73.893314081,40.849448517
-73.8361045079999,40.7643202560001
-73.742297387,40.7652420650001
-73.86219632,40.7402107200001
-73.7620568259999,40.747900755
-73.761484664,40.743723254
-73.737384875,40.7486548260001
-73.727556498,40.740315202
-73.717185204,40.74386873
-73.706951725,40.737337826
-73.804405161,40.724260977
-73.784046949,40.727956761
-73.758460607,40.7335068040001
-73.754879096,40.713359215
-72.918123023,40.825062287
-72.967244292,40.8196745290001
-73.02084315,40.815841859
-72.9384571049999,40.7740850060001
-73.020290533,40.7612835990001
-73.041534347,40.7498058690001
-73.090815614,40.740799881
-73.074506685,40.78105028
-72.733338481,40.8257956100001
-72.8404494439999,40.820811711
-73.072717204,40.8207352680001
-73.066816805,40.8168230640001
-73.064588558,40.8171603320001
-72.969035,40.8177710000001
-72.966191,40.8193850000001
-72.966375,40.8209880000001
-72.966593,40.8192300000001
-72.87231952,40.7608178720001
-72.8576784489999,40.7994353710001
-73.294848625,40.7873610980001
-73.27696816,40.720385945
-73.167093635,40.7416558530001
-73.214023497,40.7346323460001
-73.200579143,40.7609531730001
-73.2468462749999,40.79893636
-73.1860062069999,40.806236427
-73.1085600499999,40.816597723
-73.2696824339999,40.815083003
-73.168742,40.7406120000001
-73.258432,40.722768
-73.262702808,40.757625949
-73.274872,40.793483
-73.208948,40.759151
-73.114945442,40.7848156040001
-73.1041969999999,40.7699480000001
-73.760113099,40.6104570630001
-73.808960594,41.0503839670001
-73.833804857,40.5827480660001
-73.7060318009999,40.6370351460001
-73.68684867,40.6818755470001
-73.685607982,40.6656193250001
-73.7097122719999,40.6770971550001
-73.732670351,40.636996819
-73.813907511,40.6991852200001
-73.7709199289999,40.679037104
-73.733637453,40.692816297
-73.78324021,40.592511379
-73.740221257,40.982141325
-73.716002636,41.0078981250001
-73.772159503,41.033737768
-73.729047835,40.6202754650001
-73.725193438,40.7340407130001
-73.722994829,40.7204220630001
-73.7657090929999,40.710587602
-73.702093976,40.7253003430001
-73.855055369,40.6668601920001
-73.847598348,40.656590156
-73.844463354,40.6888593840001
-73.84395696,40.689826194
-73.840014391,40.6628611890001
-73.836425203,40.6745951170001
-73.825216073,40.695000028
-73.820353263,40.67020318
-73.8191165539999,40.6765720440001
-73.805437904,40.675328429
-73.795469823,40.689023105
-73.790620595,40.6758569520001
-73.7880070369999,40.6946608110001
-73.7851547069999,40.6889702330001
-73.760877616,40.6790046840001
-73.754632027,40.659924964
-73.7508452759999,40.68385012
-73.746753339,40.696533689
-73.736794666,40.66798714
-73.735227982,40.656704894
-73.817153922,40.6983849380001
-73.7032309529999,40.6383536650001
-73.6897969729999,40.6476813790001
-73.9062208989999,40.808017905
-73.898688895,40.6696629410001
-73.975929086,40.6215696140001
-73.9175772519999,40.619743665
-73.931548579,40.742984854
-73.938230547,40.756290736
-73.93655631,40.807746066
-73.919142289,40.8600200870001
-73.930359809,40.6184981280001
-73.913340165,40.614537168
-73.902381417,40.62886795
-73.993781483,40.6592911320001
-73.8890982029999,40.6657308010001
-73.997277121,42.8288710620001
-73.901311656,42.831436608
-73.828662878,42.8350316200001
-73.8785197129999,42.8347245530001
-73.94142403,42.821373872
-73.4461791479999,42.8414236080001
-73.902345902,42.8309838120001
-73.866734779,42.8216981140001
-73.965296011,42.8077242260001
-73.893285863,42.8061426290001
-73.6288296669999,42.7998125550001
-73.526276706,42.7714846590001
-73.9498121619999,42.8055723780001
-73.865222,42.805886
-74.046810724,41.8478292570001
-73.8681684219999,42.2344157420001
-73.986213644,42.2236128590001
-73.970569766,42.083146866
-73.9950623889999,41.9642341690001
-73.9750279249999,41.943823181
-74.0475919849999,41.9368157280001
-73.79877744,41.9744021330001
-73.908093693,41.9400622310001
-74.049775945,41.740261585
-73.955761729,41.710507846
-73.9390415299999,41.71031299
-73.9181141889999,41.7281435850001
-73.83482345,41.7394248590001
-73.879866135,41.6891844800001
-74.049156346,41.8217486560001
-73.792838285,41.754782209
-73.862502666,41.7321781640001
-73.590357629,42.1750680910001
-73.742674683,42.1932857690001
-73.583302813,41.8985431850001
-73.9684808919999,42.086968078
-73.6538348999999,42.1852335070001
-73.653188045,42.1828352300001
-73.916008474,41.7823873630001
-73.899734947,41.7304193150001
-73.564770126,41.8401774320001
-73.760710917,42.2403131930001
-73.6058690739999,43.290169409
-73.6611864829999,43.2582342580001
-73.6302628879999,43.306295779
-73.750950285,43.1821226380001
-73.327065959,43.174560419
-73.664756527,43.289380298
-73.636922,43.3062410000001
-73.6442792299999,43.3048350710001
-73.5905283559999,43.294802674
-73.59557,43.2949600000001
-73.625535559,43.295259877
-73.590740911,43.286291917
-73.5502377569999,43.10050446
-73.954590033,43.037422296
-73.8333759389999,43.0825656600001
-73.527112503,43.0951715190001
-73.9541369999999,43.037647
-73.954242909,43.038924438
-73.550354,43.092591
-73.818987298,43.061805602
-73.914614171,43.0611630830001
-73.9159618159999,43.0615381760001
-73.86508249,42.7894462310001
-74.005895274,42.791706182
-73.9326019759999,42.7614602780001
-73.6371759479999,42.786818656
-73.7432768589999,42.7647311270001
-73.708526894,42.745391769
-73.5771615589999,42.733825419
-73.7054610759999,42.739664132
-73.7818473409999,42.7887292450001
-73.7754895309999,42.754953291
-73.878793,42.7444990000001
-73.8727559979999,42.749405063
-73.939073396,42.789693023
-73.689811536,42.749735807
-73.6970940419999,42.751339756
-73.69263,42.751834
-73.6988903339999,42.761102728
-73.7040967089999,42.767654071
-73.6940598899999,42.779912821
-73.769105574,42.6952179370001
-73.802838043,42.7194792870001
-73.8089948369999,42.688909897
-73.687641442,42.672733732
-73.628894143,42.6867716400001
-73.731128857,42.685463751
-73.824669093,42.7312021290001
-73.995760112,42.7098914970001
-73.842871042,42.6839842740001
-73.808136486,42.6863287900001
-73.729735928,42.677202397
-73.370950627,42.695245846
-73.714555296,42.7206786260001
-73.722395756,42.7103394000001
-73.826978883,42.6948038640001
-73.837407081,42.720180977
-72.2087303279999,40.961950507
-72.206084953,40.962440493
-72.301853008,40.9721191780001
-72.39769617,40.892653565
-72.491450126,40.889831771
-72.531619189,40.8733433020001
-72.46958295,41.0488191210001
-72.537638,40.8719610000001
-72.549793,40.9884890000001
-72.467609,41.050013
-72.2417708099999,41.156546405
-72.3726126719999,41.10088755
-74.2978043429999,41.7653199900001
-74.3042719749999,42.6732883400001
-74.331893968,42.6022233040001
-74.259949295,41.3115652060001
-74.260133497,41.310685947
-74.3648534009999,41.460014205
-74.344396592,43.061808865
-74.2950410889999,41.246949795
-74.323401034,41.2729257170001
-74.26498,43.104519
-74.3232452409999,43.071113134
-74.342555531,43.0617996730001
-74.3534388849999,43.0370447830001
-74.285488034,43.3886302390001
-74.2916007599999,43.390074774
-74.344878454,43.4918402260001
-74.348301002,44.2825970970001
-74.269717984,44.859445984
-74.306261638,44.8771546570001
-73.9855907799999,44.8907667350001
-73.636574082,44.831473444
-73.722433969,44.365338518
-73.661156174,44.410590536
-73.604946503,44.469518072
-73.864851167,44.523110268
-73.743116126,44.4598669710001
-73.687119971,44.4525804
-74.043187,44.5394630000001
-74.046726,44.5417650000001
-73.950752,44.494403
-73.9727428689999,44.436914164
-73.971509311,44.4367461520001
-73.7220801239999,44.716408916
-73.7057119999999,44.6857630000001
-74.1319370429999,41.8287710370001
-74.118670569,44.889161943
-74.0636643779999,42.4517771980001
-74.1925954119999,41.6788589020001
-74.1211916679999,41.64916465
-74.1969128759999,41.4676877260001
-74.155535372,41.1500363150001
-74.0759483159999,41.183826577
-74.1751864029999,42.937483844
-74.194528544,41.467457833
-74.241231553,44.4299736140001
-74.10670605,42.0310320090001
-74.0588234149999,43.682614576
-74.115127,43.732019
-74.1141249999999,43.734446
-74.0573612489999,43.7576667010001
-74.185733636,43.9719920110001
-74.0576246369999,44.5479751180001
-74.1179549999999,44.525159
-74.0855397249999,44.402853081
-74.232443629,44.3678019290001
-73.3802489139999,43.5502595340001
-73.6645477709999,43.334856406
-73.711206534,43.408564228
-73.7758872219999,43.4878541200001
-73.4121618779999,43.4607572730001
-73.901517225,43.6638939590001
-73.432958656,43.6517780090001
-73.7205044099999,43.413015112
-73.75755,43.4865160000001
-73.9992632519999,43.6830064710001
-73.307551229,43.626735533
-73.4970475539999,42.596138454
-73.904199589,42.6091855540001
-73.7398212699999,42.6616123850001
-73.3765724529999,42.5573888980001
-73.7145863009999,42.548969851
-73.7149009299999,42.605873031
-73.8256867979999,42.661165232
-73.757582,42.6434180000001
-73.935723933,42.6478562780001
-73.78191072,42.6643948
-73.7755268459999,42.6425954370001
-73.743895525,42.6355816810001
-73.5145081919999,42.5737266890001
-73.637745131,42.562106299
-73.545758,42.6088930000001
-73.542781667,42.6222822660001
-73.799314151,42.6024602630001
-73.832155072,42.5537485350001
-73.7679891509999,42.5897957700001
-73.767775,42.592202
-73.763335877,42.621206812
-73.874292004,42.5831635230001
-73.847215529,42.524475049
-73.850305211,42.271010485
-73.8474419579999,42.264868769
-74.038021112,42.3692187180001
-73.813501711,42.4462567160001
-73.986477806,42.291334675
-73.4447027579999,42.487338374
-73.767342313,42.2518011290001
-73.444482745,42.4870200710001
-73.59616841,42.366105842
-73.5957833689999,42.3650837800001
-73.5576785549999,42.441958909
-73.4433373749999,42.413047454
-73.61183507,42.515109926
-73.815822219,42.3504707720001
-73.807158793,42.472640594
-73.430073121,40.679836247
-73.351917187,40.6947563690001
-73.317816986,40.7034138810001
-73.320049849,40.7631224780001
-73.400113453,40.797381338
-73.381758636,40.811883869
-73.480161191,40.826426763
-73.480110149,40.6771182270001
-73.41810796,40.7624505140001
-73.461201455,40.7310889300001
-73.425712376,40.8412917740001
-73.4318503219999,40.723688919
-73.368768646,40.737352107
-73.4688138879999,40.773342977
-73.452446,40.833969
-73.461302973,40.829395886
-73.4611277979999,40.829423008
-73.978771837,41.5748067070001
-73.968563546,41.5699797240001
-73.937260035,41.648665044
-73.9381751019999,41.648780485
-73.986416472,41.591474223
-73.9163102809999,41.52904598
-73.8777396149999,41.5345046960001
-73.839829698,41.5355223710001
-73.8946355529999,41.658418005
-73.912746749,41.6281609210001
-73.841857582,41.5972541990001
-73.834978845,41.568095084
-73.829579047,41.539776433
-73.9378885099999,41.564364959
-73.9419609779999,41.6187159150001
-73.880483973,41.60201927
-73.910152249,41.5840082760001
-73.599036841,41.5717624530001
-73.7220361,41.594955928
-73.956264274,41.5060740010001
-73.979078761,41.5082597100001
-73.841104,41.6193960000001
-73.8142506519999,41.664403877
-73.953487431,41.566685658
-73.953568242,41.566532726
-73.357429538,42.912117353
-73.6831064479999,42.9239324210001
-73.688216811,42.9057940280001
-73.858717903,42.9985837580001
-73.957620144,42.8935832180001
-73.685096792,42.888122454
-73.654192,42.9371530000001
-73.651879,42.935486
-73.509032335,42.920434619
-73.354124572,42.9043796300001
-73.800358965,41.1929085290001
-73.782233509,41.142103481
-73.994233395,41.201686151
-73.947238639,41.2645143920001
-73.669099596,41.354268459
-73.7018043269999,41.3980074130001
-73.793958699,41.353837594
-73.771756527,41.285398183
-73.687059118,41.276655652
-74.041797512,41.355455657
-73.680835354,41.2964533730001
-73.6406685869999,41.417708696
-74.029656094,41.1360405880001
-74.0281303949999,41.144003522
-73.867741272,41.1601295190001
-78.989486028,43.1618205950001
-78.9885879669999,43.161998839
-73.459000004,44.712619535
-73.4930321639999,44.7590945200001
-73.456206661,44.681663686
-73.471980501,44.6782458610001
-73.464932414,44.671989889
-73.498347442,44.689009395
-73.446714889,44.7145801790001
-73.4528422719999,44.7099348190001
-73.471216103,44.6777207850001
-73.4724710519999,44.6807780520001
-73.477287335,44.6957990330001
-73.468092398,44.717114329
-73.486712,44.67436
-73.538491361,40.6676285840001
-73.595919537,40.656377037
-73.6162221389999,40.6569053470001
-73.656237898,40.658286505
-73.666389199,40.6772792130001
-73.670925911,40.6554116450001
-73.650811242,40.6213859060001
-73.6505904489999,40.6891644610001
-73.633761296,40.6579053580001
-73.654398149,40.601013208
-73.624513592,40.7123379820001
-73.6060409519999,40.6807515140001
-73.520218163,40.770994882
-78.4936310969999,42.265843282
-78.480215968,43.1491223720001
-74.003020302,40.661951726
-74.1971985389999,40.5892172480001
-74.145625045,40.6107795240001
-74.215257955,40.5547654260001
-74.1523630629999,40.625811169
-74.131251645,40.6279449640001
-74.120581591,40.5758301020001
-74.117512757,40.613745033
-74.094491177,40.5848117580001
-74.086457588,40.6321449110001
-74.085249936,40.5888357090001
-74.082422654,40.5820185060001
-74.077586987,40.61044415
-74.071444702,40.61970373
-74.066495222,40.605520663
-74.182207412,40.6412552520001
-74.1303887449999,40.638959003
-74.109303634,40.6448527210001
-73.9430261059999,40.7632251200001
-73.981736284,40.703808553
-73.984511195,40.705098649
-73.9469299949999,40.7581357030001
-74.006499359,40.718404756
-73.981883212,40.703370272
-73.9880882959999,40.775838014
-73.971336352,40.7449470290001
-73.997331899,40.7412392800001
-73.960986412,40.7628909680001
-73.989234621,40.768692286
-73.9504586149999,40.7684360650001
-73.995883895,40.766002939
-73.9906859449999,40.71136985
-73.9834289789999,40.703986587
-73.415546835,40.8879578350001
-73.2925109449999,40.8825914110001
-73.291270257,40.881879801
-72.877326812,40.9561895730001
-72.866384244,40.958256937
-72.9329829549999,40.9495876400001
-72.890252698,40.8383746750001
-72.9043827579999,40.910966645
-72.9979121069999,40.865363954
-73.0780866599999,40.8611379220001
-73.0156121209999,40.937095352
-73.038256862,40.923824476
-73.0842097619999,40.898743112
-73.3873868919999,40.859922322
-73.187141357,40.8620185620001
-73.2561320409999,40.869939409
-73.339542176,40.8767590140001
-73.1448687339999,40.8939205670001
-73.129805265,40.9180234310001
-72.611515707,40.959254173
-72.606835228,40.8345061910001
-72.655396762,40.829531939
-72.849690432,40.855344175
-72.863951216,40.946014002
-73.2876094279999,40.8291059810001
-73.3216594259999,40.8415463850001
-72.742064769,40.910278798
-72.88134818,40.8836115020001
-72.874674134,40.8752443480001
-72.8465849999999,40.868587
-72.900108,40.949326
-72.7997349039999,40.9102732490001
-72.7725595919999,40.8919670400001
-76.269600179,42.1434863480001
-75.3199679209999,43.9220621870001
-75.349263079,43.765307636
-74.431174481,43.852660638
-74.81235247,43.7689515540001
-74.964524539,43.714545399
-74.9799665909999,43.703516995
-74.461303452,44.2357651090001
-74.565660698,44.2327735760001
-74.760918813,41.669151395
-74.607980244,41.7566023630001
-74.496004558,41.73997982
-74.410787778,41.7259232910001
-74.383321509,41.7461531180001
-74.481979098,41.573817144
-75.036246112,41.773669259
-74.7182809449999,41.6695484420001
-74.609276,41.7610550000001
-74.664831132,41.918904173
-74.4479125729999,42.439884426
-74.548074376,42.7676152380001
-74.485240174,42.688049247
-74.671256243,42.6194437940001
-74.479632,43.01057
-74.403742,42.9911030000001
-74.386784,43.017207
-74.375623317,43.015523666
-74.375794446,43.0149658170001
-74.502058056,43.0805294890001
-74.499158364,43.12515532
-74.997745208,42.2555311670001
-74.9554798579999,42.5917190800001
-74.969556213,42.4377453970001
-74.9983983879999,42.0818978840001
-74.93412979,42.251391658
-74.951333722,42.920365976
-74.945232103,42.9216319550001
-74.952983885,42.921656322
-74.9546571499999,42.921186387
-74.853123078,43.0415509950001
-74.872996669,43.0323249790001
-74.8669857479999,43.0317255850001
-74.996029203,43.020381172
-74.986163712,43.0516900640001
-74.96809827,43.0337209360001
-74.766699164,43.0900369610001
-75.061459065,43.0374129300001
-75.016975125,43.1851899260001
-75.016456983,43.185023555
-74.804415042,45.004081489
-74.8337955979999,44.9192265710001
-74.538884406,44.8241962130001
-74.6441794959999,44.6963249290001
-75.224678968,43.153004691
-75.227119939,43.157565662
-77.384203316,43.0554572790001
-77.672690275,43.0537776560001
-76.5320164629999,43.45517442
-76.171254975,43.198179118
-76.347809022,43.399965953
-76.407225389,43.513201543
-76.4097313,43.519748957
-76.4474146539999,43.49907683
-76.39986692,43.522411934
-76.11813129,42.9725261300001
-76.771313138,42.1083799300001
-75.982206401,42.136550931
-78.768128625,42.8518284090001
-78.715212848,43.1372554650001
-78.5809986209999,42.8321903140001
-78.608689452,43.352359076
-77.530082374,42.439601098
-77.7094291029999,42.5568648870001
-77.4961087089999,43.0488357
-77.647195552,43.2042427430001
-77.5885170879999,42.559655042
-77.587238371,42.5556808580001
-77.585205,42.5402290000001
-77.506161062,42.409838386
-77.551120559,42.390184124
-77.682799882,42.3658684220001
-77.7018998249999,42.392571467
-77.552294697,42.066149856
-77.715647829,42.8343029860001
-77.737008106,42.909481611
-77.5100189999999,42.9966160000001
-77.554267667,43.165934447
-77.5531129999999,43.186386
-77.5020509999999,43.182489
-77.5156709999999,43.2132110000001
-77.5057209999999,43.1207820000001
-77.547727,43.1450140000001
-77.6802291289999,43.173502259
-77.6796159149999,43.17309665
-77.701251,43.1868610000001
-77.6691742479999,43.1459239220001
-77.647697303,43.267188037
-77.684541,43.115955
-76.289637,42.1207010000001
-76.303568,43.0977090000001
-76.269344,43.052558
-76.270733,43.0525700000001
-76.2672139009999,43.046230483
-76.352538664,42.951069863
-76.317010001,42.9061179610001
-76.2863589999999,42.83255
-76.3031298019999,43.042550674
-76.295051068,43.0413625030001
-76.2689936479999,43.1159677590001
-76.273549969,43.1164934600001
-76.3329603939999,43.157635084
-76.301227492,43.2300837290001
-76.302822323,43.2272643650001
-75.1422697579999,43.5431781460001
-75.177826,44.5871940000001
-75.1580759999999,43.2748100000001
-75.191783,43.112241
-75.195279684,43.099025069
-75.0821679009999,43.044871668
-75.181066436,43.085068811
-75.062888906,43.2247707820001
-75.14624,43.290738
-75.109192681,43.312883808
-76.461717428,43.023508802
-76.487525034,43.4670663860001
-76.463638842,43.0577783910001
-76.465510808,43.069875354
-76.433276683,42.9664218410001
-76.431012784,42.946358301
-76.529868536,42.959629777
-76.418873477,43.0043228010001
-76.375896955,43.296378223
-76.415761787,43.306139968
-76.547901763,43.325413881
-76.400116074,43.329581601
-76.411010124,43.313274339
-76.425045112,43.3501303050001
-76.426505654,43.3538214980001
-76.42479436,43.3542466430001
-76.4969525989999,43.4433015340001
-76.50567172,43.4488205420001
-78.9338992959999,42.9725409120001
-78.98035064,43.210034164
-78.9804902769999,43.209447336
-78.9960065669999,43.092223204
-78.997559103,42.206549313
-78.945733702,42.5951747570001
-78.931153002,42.461797147
-75.222525736,43.1787144310001
-75.2077790439999,43.422392373
-75.2257333709999,43.4211597950001
-75.3357811829999,44.2968513120001
-75.3118269999999,44.305306
-75.3083018899999,44.308081499
-75.321853586,43.927215582
-75.3324517249999,43.9273619430001
-75.316998,43.9240360000001
-75.332278279,43.4864173440001
-75.315075911,43.467232747
-75.350861175,43.578292823
-75.33868104,43.5864287840001
-75.2830221259999,43.1175397910001
-75.250824842,42.978150763
-75.2927101499999,43.170288445
-75.302508497,43.168820769
-75.8222798149999,42.412538655
-75.7621313939999,42.3327714650001
-75.8763959999999,42.1474180000001
-75.648282125,42.066995499
-75.894804,42.0675370000001
-75.827661,42.0817700000001
-75.8377001219999,42.247631907
-76.139417038,42.520677619
-76.025513903,42.712972785
-75.945068874,42.1164829690001
-76.040785344,42.0696145200001
-75.910046328,42.106713955
-75.9744197969999,42.089429496
-75.9751869999999,42.097064
-75.908204,42.108013
-75.9283134949999,42.110292056
-75.8993409999999,42.113569
-76.0191487449999,42.1173375710001
-76.043148,42.1151980000001
-76.053229641,42.094904157
-76.0524334139999,42.0973644260001
-76.057328537,42.1048773090001
-76.085089683,42.095260582
-76.057886975,42.1968678740001
-75.983178295,42.3334545100001
-76.039175638,42.4423339150001
-75.912632575,42.5398857910001
-75.912880237,42.083363428
-76.102600411,42.5930672690001
-76.1502147909999,42.6271390360001
-76.149846,42.604523
-77.2901399,42.872621419
-77.34116736,42.76508533
-77.2811191439999,42.5102865470001
-77.2930053709999,42.335372352
-77.316505118,42.3306660590001
-77.3473309999999,42.3516700000001
-77.349812975,42.9648174340001
-77.301438178,42.906285407
-77.3014904679999,42.905575104
-77.299603291,42.906205324
-77.344664832,42.9923040030001
-77.266694591,42.8952496310001
-77.412688143,42.974606953
-77.40840339,42.6098187110001
-77.478362041,42.5544872410001
-77.453232164,42.4158854230001
-77.411464705,42.0690399870001
-77.4404402549999,43.019344721
-77.4804690619999,43.14228838
-77.476879148,43.1442182210001
-77.468882176,43.2301605580001
-77.420357483,43.2186606270001
-77.407652313,43.231050673
-77.37583492,43.211514654
-77.4304729999999,43.199279
-77.427215543,42.8914264900001
-76.1912343449999,43.0901209940001
-76.25303451,42.025758947
-76.1628142559999,42.0610150480001
-76.2181815759999,42.1039152180001
-76.1918919939999,42.302102361
-76.216676047,42.418172944
-76.2456979309999,42.4421816110001
-76.256672,42.466818
-76.2209422719999,42.9098065740001
-76.2421031549999,43.0670350720001
-76.224215379,43.0488003520001
-76.249997,43.1412110000001
-76.2334664809999,42.5581443230001
-76.214118,42.584702
-76.184763916,42.612424133
-76.1761908089999,42.636879041
-76.226620231,43.45951124
-76.202439924,43.1360969470001
-76.204472086,43.1358367820001
-76.2340129999999,43.068718
-76.879624515,43.223649826
-76.8263795029999,43.22406549
-76.822079876,43.2216805800001
-76.8038450879999,43.222480756
-76.8683798869999,43.2118628420001
-76.8651141679999,43.235968728
-76.8736525149999,43.0825361980001
-76.6335841059999,43.0358597650001
-76.567068741,43.0454443740001
-76.775057945,43.1588259070001
-76.60697916,43.1679041690001
-76.644962758,43.2516918690001
-76.697012,43.011157
-76.704248,43.0498150000001
-76.5905027919999,42.9263276710001
-76.5777471819999,42.9520774330001
-76.78768961,42.9157651150001
-76.8807346579999,42.806671527
-76.840616697,42.744208934
-76.58539369,42.9317776620001
-76.5708821539999,42.9329827440001
-76.594905,42.942375
-76.787373922,42.917224321
-76.786946099,42.915652521
-76.7669969999999,42.9347270000001
-76.679015872,42.8395558240001
-76.674409639,42.7513607230001
-76.833858345,42.921574408
-76.8103993559999,42.9152125640001
-76.8152599059999,42.915473665
-76.8112134089999,42.9136459360001
-76.809157479,42.911961766
-76.8991649279999,42.7043812430001
-76.867491727,42.6782830070001
-76.5506182239999,42.667585445
-76.5512603069999,42.9208523280001
-76.905211706,42.7270976300001
-77.081121272,43.0491999160001
-77.038672371,42.7444154500001
-77.059709404,42.800359416
-76.971034663,42.5254162420001
-77.040738996,42.615342248
-77.042227466,42.6606525170001
-77.0574603589999,42.669331732
-76.9600119999999,42.677692
-76.9441209999999,42.681069
-76.976277,42.137125
-77.0027449409999,42.1537022520001
-76.911936,42.3816650000001
-77.0799414849999,43.2408394930001
-77.0236227779999,43.2229688240001
-77.021198445,43.206431922
-76.9009919229999,43.203192196
-77.066919151,43.241132415
-76.998517857,43.268139214
-77.056643326,42.9591098610001
-76.978381,42.8920610000001
-77.010652298,42.864383268
-77.117143189,42.9673108920001
-77.12342302,42.7992476590001
-77.2230773759999,42.7630152500001
-77.263732494,42.710036293
-77.2419527119999,42.5190530630001
-77.223577098,42.4043839710001
-77.118778758,42.4937472120001
-77.2484520639999,42.0863550830001
-77.161542095,42.0805198150001
-77.1484579999999,42.069644
-77.158608826,42.112536795
-77.136789,42.1104350000001
-77.099428,42.162628
-77.1754471409999,43.2342682840001
-77.144049649,43.238039674
-77.175246698,43.237861326
-77.086699116,43.0478274820001
-77.084752253,42.8589847110001
-77.085018454,42.8592774100001
-77.2476920829999,42.887367274
-78.650681059,42.4528885390001
-78.654180893,42.450330308
-78.57454907,42.097291339
-78.613655952,42.7706209580001
-78.6397275689999,42.808773882
-78.656699089,42.804152086
-78.661767082,42.6237309850001
-78.673335482,42.9575866270001
-78.681076203,43.231805422
-78.577275524,43.2068507440001
-78.552753116,43.3375915410001
-78.678935006,43.178526199
-78.640264514,43.178838177
-78.687316187,43.145005188
-78.686696615,42.4976276400001
-78.701373761,42.157710093
-78.714992579,43.3133724300001
-78.770002947,42.8837738780001
-78.701193943,42.47256172
-78.7970407299999,42.2158335890001
-78.752282884,42.3898464980001
-78.74479787,42.1763298450001
-78.7310785989999,42.150843337
-78.7378904839999,42.84111635
-78.758473021,42.762784986
-78.7693783299999,42.889648386
-78.711002965,42.9371872770001
-78.739586329,42.9249151830001
-78.697074425,43.3130237120001
-78.6958575049999,43.2834455460001
-78.6927429099999,43.323800147
-78.725298596,43.169131855
-78.7018996209999,43.187121066
-78.6962838429999,43.166967992
-78.718300116,43.166522468
-78.71281328,43.167499322
-78.7215836619999,43.1680107120001
-78.75643,43.085516
-78.776562165,42.8506635110001
-75.6136577949999,42.848609153
-75.6406873339999,44.57750063
-75.384687847,44.2697119490001
-75.3972428819999,44.2924031380001
-75.3662850979999,44.2963482660001
-75.6044419999999,43.9979510000001
-75.609221845,43.9763346010001
-75.618917989,43.978650874
-75.375187728,43.924361908
-75.3747959999999,43.8987930000001
-75.461526138,43.462666348
-75.384547616,43.611900889
-75.4411708499999,43.2400980360001
-75.382776704,43.062348704
-75.374206567,43.054118375
-76.4057010659999,42.4721075740001
-76.4991244889999,42.4321321510001
-76.506888298,42.447254237
-76.529007878,42.4365752420001
-76.412935498,42.3807866940001
-76.492323498,42.420866528
-76.527732726,42.5308144910001
-76.494083614,42.538567002
-76.3623208069999,42.548486618
-76.369149345,42.588296891
-76.433073308,42.6594694120001
-76.081071134,43.0514022310001
-76.1204800689999,43.0992519910001
-76.110533048,42.8451336520001
-76.115547251,42.9518990220001
-76.125903577,44.077372779
-76.0891042069999,43.6438978
-76.117438523,43.1823174800001
-76.129771724,43.1214560760001
-76.1007928609999,43.0861204990001
-76.100445849,43.0858115190001
-76.0880484739999,43.081180096
-76.099246754,43.084768264
-76.096985826,43.08438203
-76.101148192,43.073981428
-76.129149835,43.088791466
-76.077085,43.0566480000001
-76.126448879,43.0526480890001
-76.082106,43.064245
-76.078826689,43.0646084310001
-76.0938064539999,43.072191909
-76.180117407,43.063849132
-76.152397112,43.0395872120001
-76.14400607,43.0378056270001
-76.155391116,43.0585459690001
-76.148559427,42.9837180810001
-76.178490435,43.0217065000001
-76.137760525,43.0162774460001
-76.1599479779999,43.4238432870001
-76.136894629,43.4031847150001
-76.1375292339999,43.2960785590001
-76.143104368,43.2360887310001
-76.152726,43.0909810000001
-76.154704,43.0889450000001
-76.1530099999999,43.090429
-76.160451423,43.0885876580001
-76.190448982,43.1242878460001
-76.160569204,43.127322957
-76.154791507,43.0852661050001
-78.4202463139999,42.7643470450001
-78.364988297,42.4251815160001
-78.3642957,43.1532942740001
-78.50560351,42.7669559990001
-78.4748247799999,42.3760310490001
-78.464143097,42.3369081320001
-78.376901168,42.180577371
-78.2803520969999,42.220288
-78.276002558,42.1995365060001
-78.455737875,42.0854363990001
-78.441816826,42.0904887630001
-78.4936383849999,42.5810621110001
-78.532769975,42.636018108
-78.448768017,42.6729669360001
-78.4035886,42.7693580910001
-78.461601468,42.841086723
-78.522721404,42.897554918
-78.535384452,42.6455119660001
-78.538588347,43.145819298
-78.3865876529999,43.3254263360001
-78.293625764,43.07013792
-78.392522793,42.928602057
-78.389303421,42.923501032
-78.2710026939999,42.8653569200001
-76.79391648,42.1023086220001
-76.791063573,42.0581633740001
-76.818867347,42.052614949
-76.8391508129999,42.085002396
-76.839621541,42.1054940980001
-76.82990044,42.1163643630001
-76.8120637649999,42.1313310680001
-76.816056487,42.1097458020001
-76.8171498139999,42.12110191
-76.799635195,42.0981425210001
-76.7891463889999,42.088939505
-76.789756433,42.091867871
-76.80667923,42.0917549910001
-76.7950864009999,42.0711077560001
-76.816512,42.1627140000001
-76.702687867,42.2861419860001
-76.8578752989999,42.3848328560001
-76.854247712,42.3864808880001
-76.8648803149999,42.427169081
-76.8742674759999,42.5418782670001
-76.720461276,42.619262672
-76.539007064,42.4689184060001
-76.540222796,42.465336456
-76.53893576,42.4656836140001
-76.5433601679999,42.5444921690001
-76.0301804269999,42.9224867680001
-75.9934130629999,42.8400479110001
-76.008508772,43.054014614
-76.011399427,43.070307804
-76.066310357,42.9984873120001
-76.07164389,43.0040149280001
-75.987517151,43.0040288330001
-76.015762792,44.25679654
-76.068382616,43.2777096140001
-75.9596131599999,42.7387595690001
-75.592060525,42.4478517800001
-75.4535754939999,42.4134321280001
-75.610224847,42.169065774
-75.418976232,42.049734125
-75.418776184,42.0670706600001
-75.2177759849999,42.141348963
-75.13786806,42.1589174120001
-75.3964750919999,42.311398646
-75.368568,42.288083
-75.308652432,42.329007684
-75.1997713489999,42.3829815140001
-75.518935293,42.5298458180001
-75.5048879999999,42.5217450000001
-75.52227707,42.603141792
-75.530479398,42.613334217
-75.55695,42.7387810000001
-75.597773659,42.838182558
-75.3878727489999,42.435043093
-75.3636510059999,42.4883263840001
-75.332714613,42.4752065930001
-75.3291220839999,42.6200948650001
-75.247963964,42.690782067
-75.249760823,42.7335636380001
-75.368934627,42.933596331
-75.4373655909999,42.9423382590001
-75.454780979,42.946284248
-75.0657537,42.473167168
-75.0668232579999,42.4772999900001
-75.7504417119999,43.0949429280001
-75.8706434979999,43.040108522
-75.845693368,42.937113638
-75.8276307949999,43.0115789650001
-75.7103126389999,44.158584848
-75.718377112,44.143519643
-75.884787,44.003882
-75.813023259,44.000253795
-75.869472195,43.983528263
-75.875890538,43.978174955
-75.886053723,43.978940333
-75.906478136,43.977498934
-75.925657702,43.9723966710001
-75.911252825,43.8240351750001
-75.888398453,43.238104263
-75.869799933,42.9927757940001
-78.19162575,42.726385775
-78.073337035,42.2962945150001
-77.967588497,43.1652911350001
-77.7833597979999,42.460249951
-78.239494528,42.388195479
-77.962178141,42.1356282740001
-77.947270869,42.1178365100001
-77.915623813,42.1306982720001
-77.927899284,42.1045984630001
-78.2243046409999,43.240202492
-78.16647241,43.241085535
-77.918047566,43.17783568
-77.909379386,43.173490293
-77.890834426,43.1026893690001
-77.931458645,43.0636840220001
-77.754458552,42.9067240620001
-78.172237049,42.064291612
-78.0130243259999,42.286089862
-78.024161998,42.303807056
-78.0744559999999,42.2950220000001
-77.942020597,42.585742247
-78.131901822,42.8816342580001
-78.0583732219999,42.8803132210001
-78.0693484399999,42.662452543
-78.025131454,42.74698642
-77.8294990529999,42.7948803520001
-77.811469857,42.785643061
-77.9919650309999,42.723128258
-79.027629584,43.139953964
-79.007143306,43.0988649560001
-79.064853365,42.2415377880001
-79.074872952,42.2548202250001
-79.077530359,42.3394126100001
-79.056964804,42.3585152140001
-79.174994533,42.1174708410001
-79.12247682,42.1345805990001
-79.040464589,43.17598601
-78.86909221,42.8839012980001
-78.917831196,42.9902799290001
-78.875873583,43.047945527
-78.8871880679999,42.983495082
-78.88209747,43.03339164
-78.913803808,42.49476824
-78.915634892,42.4736299210001
-78.846001466,42.3623680200001
-78.858923222,42.325824041
-78.8704084999999,42.3152329270001
-78.89144171,42.6634277000001
-78.8998234809999,42.110330672
-78.832806663,42.7225675560001
-79.75964943,42.1966383050001
-79.4944177639999,42.2558263190001
-79.522318898,42.354483391
-79.5795759439999,42.3285223680001
-79.710550547,42.2640218940001
-79.5975504739999,42.15711522
-79.515236755,42.241208489
-79.616702231,42.021106452
-79.470346977,42.0686050680001
-79.50306993,42.250357713
-79.3463661759999,42.490042493
-79.323567069,42.3365784150001
-79.345143516,42.458299551
-79.3701637839999,42.0957674700001
-79.244784431,42.1481251610001
-79.248292584,42.0935972500001
-79.2907195349999,42.4732317520001
-74.093118986,40.645133113
-77.239543926,42.0855867860001
-75.4714311819999,43.224848179
-75.472171782,43.2109733550001
-73.774554316,43.0899544910001
-78.839805446,42.8555935300001
-73.691903794,42.7857287470001
-74.2583816059999,41.3080528090001
-74.283753455,41.234073654
-72.957429174,40.8548748000001
-73.895794359,43.0676602880001
-73.930521395,42.977161025
-78.784074601,42.8300593220001
-78.4936885229999,43.147539829
-77.9988240919999,42.7016334640001
-78.1393230199999,42.9804193040001
-75.327117931,42.686512742
-75.852603082,42.993178033
-77.273642686,42.880516196
-75.3627179759999,42.4855698040001
-76.94813843,42.6798942660001
-77.699045809,43.051832243
-73.217333657,40.813552735
-78.4643232929999,42.194682205
-73.122967,40.814718
-76.3460012309999,43.2755931070001
-73.6478989999999,40.8325550000001
-73.870209,42.5755570000001
-77.63479,43.115894
-73.278075117,40.8748304640001
-74.665486,41.3874190000001
-78.391686781,43.0636444100001
-75.888069742,43.9846573400001
-75.40372725,42.306707599
-78.851853018,42.814985054
-73.667274084,42.787568842
-75.006067759,42.4625204820001
-79.248959,42.101435
-75.796408,44.011508
-75.3208279999999,44.1554620000001
-77.570498,43.1577720000001
-74.4539839999999,41.44025
-73.681269,42.746224
-73.6697369999999,42.8148440000001
-73.726256,42.8036080000001
-77.529333607,42.1648142940001
-75.3983449999999,44.257103
-74.2466929999999,42.935591
-73.912971,40.7863340000001
-73.912695,40.7865150000001
-73.761939,40.610782
-73.67092,42.8179500000001
-73.640209,43.3053790000001
-73.6335989999999,43.30501
-77.5021199999999,42.495816
-75.4451359999999,44.311473
-75.4253859999999,44.3042610000001
-73.0685119999999,40.815912
-73.625939,43.3066260000001
-73.888499,40.7705330000001
-73.963603,42.6829770000001
-78.4391199999999,42.0930970000001
-79.5862299999999,42.3290930000001
-79.703185,42.0540310000001
-75.9064509999999,43.9762410000001
-77.13465,42.9557140000001
-74.277413,41.363206
-73.963196,41.1040770000001
-76.498613,42.430412
-78.130098,42.733254
-73.8855164509999,42.841140512
-74.11677639,44.8886744170001
-76.522738249,43.429276874
-77.677151553,43.173483575
